date,units_sold,mpm_average_cost,competitor_price
2022-07-29,299.0,44.364,44.91242934976331
2022-07-30,0.0,44.364,52.580846846870855
2022-07-31,0.0,44.364,49.669853770356355
2022-08-01,0.0,44.364,47.895265497875194
2022-08-02,0.0,44.364,42.004083289376474
2022-08-03,0.0,44.364,42.00376227005859
2022-08-04,0.0,44.364,40.700646411068995
2022-08-05,0.0,44.364,51.45571155934777
2022-08-06,0.0,44.364,47.92795991429271
2022-08-07,0.0,44.364,49.35147955240312
2022-08-08,0.0,44.364,40.20156315148169
2022-08-09,0.0,44.364,52.83632420439441
2022-08-10,0.0,44.364,51.00674559494097
2022-08-11,0.0,44.364,42.75366369183931
2022-08-12,0.0,44.364,42.34754485355274
2022-08-13,0.0,44.364,42.36856730254132
2022-08-14,0.0,44.364,43.976820859997076
2022-08-15,0.0,44.364,46.91168829987978
2022-08-16,0.0,44.364,45.676442642111645
2022-08-17,0.0,44.364,43.803626872723775
2022-08-18,0.0,44.364,48.07087254643909
2022-08-19,0.0,44.364,41.78415169019015
2022-08-20,0.0,44.364,43.81581155628493
2022-08-21,0.0,44.364,44.8035830447644
2022-08-22,0.0,44.364,45.997526633941376
2022-08-23,0.0,44.364,50.37766390537189
2022-08-24,0.0,44.364,42.58509830150204
2022-08-25,0.0,44.364,46.77164898773444
2022-08-26,0.0,44.364,47.8121639798987
2022-08-27,0.0,44.364,40.54581783297299
2022-08-28,0.0,44.364,48.01353594292662
2022-08-29,0.0,44.364,42.1971396669789
2022-08-30,0.0,44.364,40.79338466135968
2022-08-31,0.0,44.364,52.556507392412065
2022-09-01,0.0,44.364,52.77938985459592
2022-09-02,0.0,44.364,50.6867219855516
2022-09-03,0.0,44.364,43.98176557668222
2022-09-04,0.0,44.364,41.22753769973376
2022-09-05,0.0,44.364,49.034194196455594
2022-09-06,0.0,44.364,45.785677569679095
2022-09-07,0.0,44.364,41.55183127519613
2022-09-08,0.0,44.364,46.51800853205291
2022-09-09,0.0,44.364,40.38528370522666
2022-09-10,0.0,44.364,52.02992709534692
2022-09-11,0.0,44.364,43.371754531110945
2022-09-12,0.0,44.364,48.74524158692401
2022-09-13,0.0,44.364,44.07622505388918
2022-09-14,0.0,44.364,46.84928930745971
2022-09-15,0.0,44.364,47.20387644983557
2022-09-16,0.0,44.364,42.38786491948034
2022-09-17,0.0,44.364,52.83199572784405
2022-09-18,0.0,44.364,50.24399777267774
2022-09-19,0.0,44.364,52.43157931306611
2022-09-20,0.0,44.364,51.837036172311656
2022-09-21,0.0,44.364,47.885170397992496
2022-09-22,0.0,44.364,52.19700856876966
2022-09-23,0.0,44.364,41.105364408309406
2022-09-24,0.0,44.364,42.535975112508886
2022-09-25,0.0,44.364,40.52953903356813
2022-09-26,0.0,44.364,44.257486438194434
2022-09-27,0.0,44.364,45.10058378393525
2022-09-28,0.0,44.364,43.53903853368513
2022-09-29,0.0,44.364,50.957433256804855
2022-09-30,0.0,44.364,44.67570137563031
2022-10-01,0.0,44.364,43.66661357633129
2022-10-02,0.0,44.364,47.15045070996976
2022-10-03,0.0,44.364,41.80318869503411
2022-10-04,0.0,44.364,50.604200056251656
2022-10-05,0.0,44.364,40.919809426862805
2022-10-06,0.0,44.364,53.0622756166036
2022-10-07,0.0,44.364,50.205560083523075
2022-10-08,0.0,44.364,42.572346748674605
2022-10-09,0.0,44.364,40.00109496122145
2022-10-10,0.0,44.364,50.78073924359107
2022-10-11,0.0,44.364,49.335305760736695
2022-10-12,0.0,44.364,49.63010220089111
2022-10-13,0.0,44.364,50.19259129811259
2022-10-14,0.0,44.364,40.91307507885935
2022-10-15,0.0,44.364,44.69849207434143
2022-10-16,0.0,44.364,41.469724487031854
2022-10-17,0.0,44.364,51.41481611566345
2022-10-18,0.0,44.364,48.223199429573334
2022-10-19,0.0,44.364,44.331587992368874
2022-10-20,0.0,44.364,40.77351079562675
2022-10-21,0.0,44.364,44.066525916178094
2022-10-22,0.0,44.364,44.255529869518384
2022-10-23,0.0,44.364,49.63807454873695
2022-10-24,0.0,44.364,48.41297989776079
2022-10-25,0.0,44.364,51.73569183349684
2022-10-26,0.0,44.364,46.21240288196542
2022-10-27,0.0,44.364,41.51930373804205
2022-10-28,0.0,44.364,49.420317522108284
2022-10-29,0.0,44.364,50.05304036905201
2022-10-30,0.0,44.364,47.39775047789193
2022-10-31,0.0,44.364,50.188556391451236
2022-11-01,0.0,44.364,46.499624351132944
2022-11-02,0.0,44.364,46.88475577281083
2022-11-03,0.0,44.364,45.6178289215376
2022-11-04,0.0,44.364,40.26590824166251
2022-11-05,0.0,44.364,41.36354858013929
2022-11-06,0.0,44.364,40.34589731814189
2022-11-07,0.0,44.364,48.397713445591904
2022-11-08,0.0,44.364,44.111426623341046
2022-11-09,0.0,44.364,46.69626904284926
2022-11-10,0.0,44.364,52.00658371477715
2022-11-11,0.0,44.364,43.245480136188206
2022-11-12,0.0,44.364,45.38946839926581
2022-11-13,0.0,44.364,49.98338121309714
2022-11-14,0.0,44.364,42.9727205441611
2022-11-15,0.0,44.364,40.95214101589337
2022-11-16,0.0,44.364,43.78396003711992
2022-11-17,0.0,44.364,42.07332635632099
2022-11-18,0.0,44.364,52.301131994557764
2022-11-19,0.0,44.364,50.68303575569873
2022-11-20,0.0,44.364,48.35769727614853
2022-11-21,0.0,44.364,51.526043286926374
2022-11-22,0.0,44.364,50.62383240586569
2022-11-23,0.0,44.364,42.41069822772602
2022-11-24,0.0,44.364,51.8068462227028
2022-11-25,0.0,44.364,47.10581376610377
2022-11-26,0.0,44.364,50.67398251310953
2022-11-27,0.0,44.364,51.85385832894175
2022-11-28,0.0,44.364,44.15997184909553
2022-11-29,0.0,44.364,41.392303073923756
2022-11-30,0.0,44.364,42.96123466530321
2022-12-01,0.0,44.364,45.61206298038457
2022-12-02,0.0,44.364,50.814722122615635
2022-12-03,0.0,44.364,51.383235478675324
2022-12-04,0.0,44.364,40.02012729566572
2022-12-05,0.0,44.364,46.725237999465335
2022-12-06,0.0,44.364,45.483006523107726
2022-12-07,0.0,44.364,42.88367727111704
2022-12-08,0.0,44.364,41.52291214691745
2022-12-09,0.0,44.364,44.420987839245164
2022-12-10,0.0,44.364,52.47697383131249
2022-12-11,0.0,44.364,44.229172462850634
2022-12-12,0.0,44.364,46.832288142906805
2022-12-13,0.0,44.364,49.28421992772769
2022-12-14,0.0,44.364,44.76721910398649
2022-12-15,0.0,44.364,52.8612420953498
2022-12-16,0.0,44.364,52.737003537843535
2022-12-17,0.0,44.364,43.27862093159894
2022-12-18,0.0,44.364,46.54557981462293
2022-12-19,0.0,44.364,43.93204960101335
2022-12-20,0.0,44.364,43.71859910776859
2022-12-21,0.0,44.364,40.41853575973094
2022-12-22,0.0,44.364,48.040413633805244
2022-12-23,0.0,44.364,46.61785565595756
2022-12-24,0.0,44.364,40.61274099613635
2022-12-25,0.0,44.364,43.636161521817904
2022-12-26,0.0,44.364,52.01589232950739
2022-12-27,0.0,44.364,43.11597711526487
2022-12-28,0.0,44.364,41.85603483163651
2022-12-29,0.0,44.364,46.44182467708613
2022-12-30,0.0,44.364,53.04581902384881
2022-12-31,0.0,44.364,43.14916201960086
2023-01-01,0.0,44.364,48.873186427534314
2023-01-02,0.0,44.364,50.06414778433296
2023-01-03,0.0,44.364,43.090365600503645
2023-01-04,0.0,44.364,49.61957702694495
2023-01-05,0.0,44.364,44.822499269987084
2023-01-06,0.0,44.364,48.34308476053606
2023-01-07,0.0,44.364,48.35937362645889
2023-01-08,0.0,44.364,47.05833242528777
2023-01-09,0.0,44.364,41.129284607608135
2023-01-10,0.0,44.364,51.04480797429628
2023-01-11,0.0,44.364,44.19692604072183
2023-01-12,0.0,44.364,42.41001215861374
2023-01-13,0.0,44.364,40.47028451398066
2023-01-14,0.0,44.364,47.791912359480946
2023-01-15,0.0,44.364,48.945439604631304
2023-01-16,0.0,44.364,40.14837073276662
2023-01-17,0.0,44.364,46.743148931516785
2023-01-18,0.0,44.364,42.94207757126439
2023-01-19,0.0,44.364,48.51433370211745
2023-01-20,0.0,44.364,42.24827767691323
2023-01-21,0.0,44.364,49.12342854395334
2023-01-22,0.0,44.364,45.07473807098311
2023-01-23,0.0,44.364,52.39472676609494
2023-01-24,0.0,44.364,41.75789374982785
2023-01-25,0.0,44.364,44.466920279398096
2023-01-26,0.0,44.364,41.43784178889525
2023-01-27,0.0,44.364,52.23453230439305
2023-01-28,0.0,44.364,51.60428492201815
2023-01-29,0.0,44.364,43.360596711586545
2023-01-30,0.0,44.364,48.711459665478095
2023-01-31,0.0,44.364,50.804173706918014
2023-02-01,0.0,44.364,47.316878641739564
2023-02-02,0.0,44.364,46.97682547745576
2023-02-03,0.0,44.364,43.14646051005229
2023-02-04,0.0,44.364,41.16672335728227
2023-02-05,0.0,44.364,51.86882396575241
2023-02-06,0.0,44.364,51.911444006398185
2023-02-07,0.0,44.364,48.35367391514137
2023-02-08,0.0,44.364,44.43981529502536
2023-02-09,0.0,44.364,44.57530007043482
2023-02-10,0.0,44.364,49.58948932121979
2023-02-11,0.0,44.364,51.86741987176084
2023-02-12,0.0,44.364,51.7340106378293
2023-02-13,0.0,44.364,50.30711961492828
2023-02-14,0.0,44.364,48.47252758499664
2023-02-15,0.0,44.364,41.047435622112104
2023-02-16,0.0,44.364,42.07874888162803
2023-02-17,0.0,44.364,51.8866374059446
2023-02-18,0.0,44.364,47.99868564082141
2023-02-19,0.0,44.364,40.05000539937605
2023-02-20,0.0,44.364,41.27810505831259
2023-02-21,0.0,44.364,48.75827774541293
2023-02-22,0.0,44.364,39.99496563172609
2023-02-23,0.0,44.364,42.067826517925766
2023-02-24,0.0,44.364,47.230807749437766
2023-02-25,0.0,44.364,49.13617156513159
2023-02-26,0.0,44.364,48.604682794972014
2023-02-27,0.0,44.364,42.91244509347248
2023-02-28,0.0,44.364,49.40613569275862
2023-03-01,0.0,44.364,43.08519555531241
2023-03-02,0.0,44.364,44.25840966274132
2023-03-03,0.0,44.364,49.862803408996804
2023-03-04,0.0,44.364,48.57369417999919
2023-03-05,0.0,44.364,51.23008421494911
2023-03-06,0.0,44.364,48.67990150620372
2023-03-07,0.0,44.364,47.491332863512454
2023-03-08,0.0,44.364,41.17433621997765
2023-03-09,0.0,44.364,44.82160316607861
2023-03-10,0.0,44.364,43.457231351949616
2023-03-11,0.0,44.364,43.1749069616609
2023-03-12,0.0,44.364,52.87759207531124
2023-03-13,0.0,44.364,45.15941623713484
2023-03-14,0.0,44.364,51.80002601216323
2023-03-15,0.0,44.364,48.32755020112276
2023-03-16,0.0,44.364,50.5059026010965
2023-03-17,0.0,44.364,46.61729759955562
2023-03-18,0.0,44.364,47.60572918126913
2023-03-19,0.0,44.364,46.482616490574024
2023-03-20,0.0,44.364,42.52612797320173
2023-03-21,0.0,44.364,49.54285969243843
2023-03-22,0.0,44.364,43.664455526197834
2023-03-23,0.0,44.364,40.2512260604295
2023-03-24,0.0,44.364,48.51831988068767
2023-03-25,0.0,44.364,42.2848014543643
2023-03-26,0.0,44.364,52.444351390869805
2023-03-27,0.0,44.364,52.623626217042826
2023-03-28,0.0,44.364,52.10371314232199
2023-03-29,0.0,44.364,44.854116173439756
2023-03-30,0.0,44.364,40.133315200706
2023-03-31,0.0,44.364,52.28277741319254
2023-04-01,0.0,44.364,45.626388466784796
2023-04-02,0.0,44.364,52.79300231761601
2023-04-03,0.0,44.364,52.75261099907628
2023-04-04,0.0,44.364,51.28047344470618
2023-04-05,0.0,44.364,43.84647919433253
2023-04-06,0.0,44.364,45.05294268950874
2023-04-07,0.0,44.364,51.25554818855214
2023-04-08,0.0,44.364,44.145578351025925
2023-04-09,0.0,44.364,42.183412864194544
2023-04-10,0.0,44.364,47.338179362310676
2023-04-11,0.0,44.364,52.387071120260664
2023-04-12,0.0,44.364,49.191199769906554
2023-04-13,0.0,44.364,47.51465812495337
2023-04-14,0.0,44.364,41.22094139089391
2023-04-15,0.0,44.364,48.11285418158458
2023-04-16,0.0,44.364,53.10442470180766
2023-04-17,0.0,44.364,41.79200617558594
2023-04-18,0.0,44.364,46.82615300923944
2023-04-19,0.0,44.364,51.604733688903536
2023-04-20,0.0,44.364,49.786637687414256
2023-04-21,0.0,44.364,49.20432190005422
2023-04-22,0.0,44.364,49.27710117060123
2023-04-23,0.0,44.364,44.71213962981396
2023-04-24,0.0,44.364,43.83507257368499
2023-04-25,0.0,44.364,50.69954949049463
2023-04-26,0.0,44.364,50.70956119246415
2023-04-27,0.0,44.364,51.46763890244631
2023-04-28,0.0,44.364,52.082101162084584
2023-04-29,0.0,44.364,46.73315825491999
2023-04-30,0.0,44.364,46.60238066925088
2023-05-01,0.0,44.364,50.5522701959046
2023-05-02,0.0,44.364,48.578099947507425
2023-05-03,0.0,44.364,49.270217562798216
2023-05-04,0.0,44.364,50.51896379605895
2023-05-05,0.0,44.364,51.772859095318346
2023-05-06,0.0,44.364,44.42604514156846
2023-05-07,0.0,44.364,44.92630863327554
2023-05-08,0.0,44.364,41.17842443373009
2023-05-09,0.0,44.364,47.62404605254627
2023-05-10,0.0,44.364,40.4059629104156
2023-05-11,0.0,44.364,46.12433714292853
2023-05-12,0.0,44.364,47.14976597225008
2023-05-13,0.0,44.364,43.74123483282576
2023-05-14,0.0,44.364,47.79111803156508
2023-05-15,0.0,44.364,40.3335339264888
2023-05-16,0.0,44.364,40.42467451370104
2023-05-17,0.0,44.364,50.87575538193152
2023-05-18,0.0,44.364,44.721449284670776
2023-05-19,0.0,44.364,41.61867377498646
2023-05-20,0.0,44.364,46.8782399967214
2023-05-21,0.0,44.364,50.17559819690003
2023-05-22,0.0,44.364,42.80000521916098
2023-05-23,0.0,44.364,48.21777392077023
2023-05-24,0.0,44.364,41.063506481095054
2023-05-25,0.0,44.364,40.61544236337723
2023-05-26,0.0,44.364,46.999505062466795
2023-05-27,0.0,44.364,47.123020960533225
2023-05-28,0.0,44.364,48.41128204501993
2023-05-29,0.0,44.364,49.591294778781645
2023-05-30,0.0,44.364,52.915410495982755
2023-05-31,0.0,44.364,46.79914459561026
2023-06-01,0.0,44.364,44.22589228966963
2023-06-02,0.0,44.364,50.51089210341562
2023-06-03,0.0,44.364,43.5321605984972
2023-06-04,0.0,44.364,45.76995843245545
2023-06-05,0.0,44.364,40.971791670560485
2023-06-06,0.0,44.364,40.264998114265005
2023-06-07,0.0,44.364,52.73968028063144
2023-06-08,0.0,44.364,51.05382661992105
2023-06-09,0.0,44.364,49.190459903742244
2023-06-10,0.0,44.364,45.3704365277984
2023-06-11,0.0,44.364,42.2340087646869
2023-06-12,0.0,44.364,42.00965188831802
2023-06-13,0.0,44.364,43.25813278025223
2023-06-14,0.0,44.364,47.2373675259067
2023-06-15,0.0,44.364,49.43830005439966
2023-06-16,0.0,44.364,48.71429892621162
2023-06-17,0.0,44.364,43.653296221232935
2023-06-18,0.0,44.364,52.63609299340258
2023-06-19,0.0,44.364,49.748417643687326
2023-06-20,0.0,44.364,47.30560895568473
2023-06-21,0.0,44.364,48.06911375578224
2023-06-22,0.0,44.364,45.51214115086394
2023-06-23,0.0,44.364,43.224701285468804
2023-06-24,0.0,44.364,44.66531157470537
2023-06-25,0.0,44.364,50.013925453392375
2023-06-26,0.0,44.364,40.119165818871146
2023-06-27,0.0,44.364,41.47243398703465
2023-06-28,0.0,44.364,40.53985836319591
2023-06-29,0.0,44.364,40.46966777582364
2023-06-30,0.0,44.364,51.31309600471929
2023-07-01,0.0,44.364,49.292723182060605
2023-07-02,0.0,44.364,46.238474326089026
2023-07-03,0.0,44.364,41.229694410936304
2023-07-04,0.0,44.364,46.47061400510494
2023-07-05,0.0,44.364,46.229130491672706
2023-07-06,0.0,44.364,42.23277832700637
2023-07-07,0.0,44.364,45.70181837003803
2023-07-08,0.0,44.364,45.23137921104152
2023-07-09,0.0,44.364,48.12407212499656
2023-07-10,0.0,44.364,48.380188418127645
2023-07-11,0.0,44.364,40.53056012685809
2023-07-12,0.0,44.364,44.913394210586624
2023-07-13,0.0,44.364,48.25729479022391
2023-07-14,0.0,44.364,46.6239410926941
2023-07-15,0.0,44.364,51.32679459434361
2023-07-16,0.0,44.364,48.69428528194286
2023-07-17,0.0,44.364,42.09612687691216
2023-07-18,0.0,44.364,40.8668135729018
2023-07-19,0.0,44.364,48.47768665750349
2023-07-20,0.0,44.364,40.28044433426055
2023-07-21,0.0,44.364,47.723804366284774
2023-07-22,0.0,44.364,52.44131232917304
2023-07-23,0.0,44.364,47.58670092818565
2023-07-24,0.0,44.364,45.09383118186784
2023-07-25,0.0,44.364,48.48925155689297
2023-07-26,0.0,44.364,46.02657937012969
2023-07-27,0.0,44.364,47.18932297236364
2023-07-28,0.0,44.364,52.45774343296852
2023-07-29,0.0,44.364,45.06631722701806
2023-07-30,0.0,44.364,52.72027745204523
2023-07-31,0.0,44.364,51.97709276392164
2023-08-01,0.0,44.364,42.5334233711377
2023-08-02,0.0,44.364,40.85074342560775
2023-08-03,0.0,44.364,41.26887457593244
2023-08-04,0.0,44.364,40.170117921961605
2023-08-05,0.0,44.364,41.1845602532928
2023-08-06,0.0,44.364,49.01787374875297
2023-08-07,0.0,44.364,40.87506396008688
2023-08-08,0.0,44.364,44.17291045870572
2023-08-09,0.0,44.364,51.172214488754655
2023-08-10,0.0,44.364,40.23733084709525
2023-08-11,0.0,44.364,50.76752392847266
2023-08-12,0.0,44.364,43.67886156841413
2023-08-13,0.0,44.364,41.500279323782145
2023-08-14,0.0,44.364,49.200614281264556
2023-08-15,0.0,44.364,48.29832613636283
2023-08-16,0.0,44.364,51.606050522434245
2023-08-17,0.0,44.364,49.71080753619467
2023-08-18,0.0,44.364,50.62128839867802
2023-08-19,0.0,44.364,43.681254533266035
2023-08-20,0.0,44.364,42.28917837607308
2023-08-21,0.0,44.364,49.9176818525385
2023-08-22,0.0,44.364,50.66592491185587
2023-08-23,0.0,44.364,53.110431035915354
2023-08-24,0.0,44.364,45.41921118554955
2023-08-25,0.0,44.364,44.878863107433304
2023-08-26,0.0,44.364,50.261035377107376
2023-08-27,0.0,44.364,44.46342247793547
2023-08-28,0.0,44.364,52.315235397922955
2023-08-29,0.0,44.364,51.352386996829004
2023-08-30,0.0,44.364,45.63716730913959
2023-08-31,0.0,44.364,49.92109321545059
2023-09-01,0.0,44.364,49.96996201976785
2023-09-02,0.0,44.364,41.300096195111195
2023-09-03,0.0,44.364,51.93985714557968
2023-09-04,0.0,44.364,46.65210487538302
2023-09-05,0.0,44.364,50.927087707921146
2023-09-06,0.0,44.364,44.187204150036614
2023-09-07,0.0,44.364,51.84629775270163
2023-09-08,0.0,44.364,45.10756298260872
2023-09-09,0.0,44.364,40.071840471081586
2023-09-10,0.0,44.364,51.97750980055926
2023-09-11,0.0,44.364,41.142552638682005
2023-09-12,0.0,44.364,44.177409065418345
2023-09-13,0.0,44.364,52.57216473187257
2023-09-14,0.0,44.364,52.57942064002131
2023-09-15,0.0,44.364,47.559599540610435
2023-09-16,0.0,44.364,48.336847824210295
2023-09-17,0.0,44.364,45.89605114111385
2023-09-18,0.0,44.364,43.83000080268388
2023-09-19,0.0,44.364,44.30186216723728
2023-09-20,0.0,44.364,48.878282635620515
2023-09-21,0.0,44.364,49.94110308719197
2023-09-22,0.0,44.364,50.46288380875606
2023-09-23,0.0,44.364,50.43678578608127
2023-09-24,0.0,44.364,41.14148026669563
2023-09-25,0.0,44.364,46.50793871934759
2023-09-26,0.0,44.364,40.69366104881352
2023-09-27,0.0,44.364,47.241389800623054
2023-09-28,0.0,44.364,45.80401774887854
2023-09-29,0.0,44.364,51.742232509166755
2023-09-30,0.0,44.364,44.59799808505812
2023-10-01,0.0,44.364,41.48566833503829
2023-10-02,0.0,44.364,41.8307048947776
2023-10-03,0.0,44.364,50.062697299654175
2023-10-04,0.0,44.364,48.155587848288775
2023-10-05,0.0,44.364,41.27346192105344
2023-10-06,0.0,44.364,41.04699430394572
2023-10-07,0.0,44.364,49.25693836441572
2023-10-08,0.0,44.364,40.89601740430232
2023-10-09,0.0,44.364,50.865899901107205
2023-10-10,0.0,44.364,49.32711904967123
2023-10-11,0.0,44.364,41.01028719131917
2023-10-12,0.0,44.364,41.05672210430264
2023-10-13,0.0,44.364,53.058983478187834
2023-10-14,0.0,44.364,44.90884487487735
2023-10-15,0.0,44.364,44.86055046374267
2023-10-16,0.0,44.364,50.74531200054355
2023-10-17,0.0,44.364,52.534720766117246
2023-10-18,0.0,44.364,53.05048535863134
2023-10-19,0.0,44.364,49.9544609432483
2023-10-20,0.0,44.364,44.93531407574806
2023-10-21,0.0,44.364,41.03892773868592
2023-10-22,0.0,44.364,50.27080373346144
2023-10-23,0.0,44.364,47.35951384058377
2023-10-24,0.0,44.364,45.573655565469856
2023-10-25,0.0,44.364,51.99045178210286
2023-10-26,0.0,44.364,41.40754953150903
2023-10-27,0.0,44.364,46.4840460380279
2023-10-28,0.0,44.364,40.07870792893853
2023-10-29,0.0,44.364,46.16509821642823
2023-10-30,0.0,44.364,40.67695155670471
2023-10-31,0.0,44.364,41.50897141119502
2023-11-01,0.0,44.364,41.49178032360584
2023-11-02,0.0,44.364,48.568069752923115
2023-11-03,0.0,44.364,49.856860507119364
2023-11-04,0.0,44.364,47.691771568431115
2023-11-05,0.0,44.364,52.73334688215736
2023-11-06,0.0,44.364,44.91682751699688
2023-11-07,0.0,44.364,43.73019929874254
2023-11-08,0.0,44.364,51.48795951689917
2023-11-09,0.0,44.364,42.903481734023096
2023-11-10,0.0,44.364,52.747321421922976
2023-11-11,0.0,44.364,40.0893663345417
2023-11-12,0.0,44.364,52.8359112804173
2023-11-13,0.0,44.364,40.502023900132606
2023-11-14,0.0,44.364,51.78800192883036
2023-11-15,0.0,44.364,46.95087960105138
2023-11-16,0.0,44.364,53.14316706451099
2023-11-17,0.0,44.364,40.90977323937637
2023-11-18,0.0,44.364,47.29895744195406
2023-11-19,0.0,44.364,52.82824130706171
2023-11-20,0.0,44.364,46.88961382762934
2023-11-21,0.0,44.364,48.30439235466983
2023-11-22,0.0,44.364,49.18745845143406
2023-11-23,0.0,44.364,45.977177939207245
2023-11-24,0.0,44.364,48.279895999454816
2023-11-25,0.0,44.364,47.70435604024692
2023-11-26,0.0,44.364,51.92129219322667
2023-11-27,0.0,44.364,40.532454965240525
2023-11-28,0.0,44.364,43.66699528292091
2023-11-29,0.0,44.364,52.57681652387173
2023-11-30,0.0,44.364,51.77629875256098
2023-12-01,0.0,44.364,45.992026854175606
2023-12-02,0.0,44.364,48.18106877066021
2023-12-03,0.0,44.364,43.61932164053249
2023-12-04,0.0,44.364,42.43134213899548
2023-12-05,0.0,44.364,46.099054811027216
2023-12-06,0.0,44.364,44.63043547324434
2023-12-07,0.0,44.364,47.69559592384562
2023-12-08,0.0,44.364,40.96218583029437
2023-12-09,0.0,44.364,52.89601537419053
2023-12-10,0.0,44.364,53.053276040427924
2023-12-11,0.0,44.364,49.21957388423159
2023-12-12,0.0,44.364,47.062613758947165
2023-12-13,0.0,44.364,44.04716495067799
2023-12-14,0.0,44.364,50.758560676283714
2023-12-15,0.0,44.364,49.040824121754085
2023-12-16,0.0,44.364,42.091901369129026
2023-12-17,0.0,44.364,52.05131208386545
2023-12-18,0.0,44.364,50.87491267351304
2023-12-19,0.0,44.364,52.568677005984874
2023-12-20,0.0,44.364,49.58634608104236
2023-12-21,0.0,44.364,48.09166552574861
2023-12-22,0.0,44.364,45.4940802185991
2023-12-23,0.0,44.364,52.34146993065523
2023-12-24,0.0,44.364,51.45421751813883
2023-12-25,0.0,44.364,40.52942432417729
2023-12-26,0.0,44.364,40.27852333697883
2023-12-27,0.0,44.364,44.93802624245333
2023-12-28,0.0,44.364,50.71541639004156
2023-12-29,0.0,44.364,53.06745546027845
2023-12-30,0.0,44.364,41.929528487075075
2023-12-31,0.0,44.364,47.835004516764634
2024-01-01,0.0,44.364,44.996952589073594
2024-01-02,0.0,44.364,52.83638470339411
2024-01-03,0.0,44.364,51.135529171797764
2024-01-04,0.0,44.364,51.08508439674148
2024-01-05,0.0,44.364,46.165531002343215
2024-01-06,0.0,44.364,45.44851572051245
2024-01-07,0.0,44.364,43.56642940174015
2024-01-08,0.0,44.364,40.677912760026516
2024-01-09,0.0,44.364,51.43636305005374
2024-01-10,0.0,44.364,50.74666211071403
2024-01-11,0.0,44.364,53.23304245729976
2024-01-12,0.0,44.364,53.19203899198401
2024-01-13,0.0,44.364,47.319951656206484
2024-01-14,0.0,44.364,50.16220730612045
2024-01-15,0.0,44.364,52.50167605215121
2024-01-16,0.0,44.364,51.2357270520038
2024-01-17,0.0,44.364,43.21960535572057
2024-01-18,0.0,44.364,45.92398200566909
2024-01-19,0.0,44.364,41.64660848813428
2024-01-20,0.0,44.364,52.62525593199178
2024-01-21,0.0,44.364,47.99529944483365
2024-01-22,0.0,44.364,42.97065282700669
2024-01-23,0.0,44.364,48.86739874889442
2024-01-24,0.0,44.364,48.15439237790222
2024-01-25,0.0,44.364,44.69445924684268
2024-01-26,0.0,44.364,41.4389607061033
2024-01-27,0.0,44.364,48.86570197478368
2024-01-28,0.0,44.364,46.85247925286876
2024-01-29,0.0,44.364,50.206539939287964
2024-01-30,0.0,44.364,46.85056006899974
2024-01-31,0.0,44.364,51.269454024039504
2024-02-01,0.0,44.364,47.27303849861738
2024-02-02,0.0,44.364,47.39323565075876
2024-02-03,0.0,44.364,51.595158128500444
2024-02-04,0.0,44.364,45.297634162994036
2024-02-05,0.0,44.364,41.71123547849526
2024-02-06,0.0,44.364,40.31067439558949
2024-02-07,0.0,44.364,49.97787276321132
2024-02-08,0.0,44.364,48.18342388087353
2024-02-09,0.0,44.364,49.29833844958618
2024-02-10,0.0,44.364,42.761982618354395
2024-02-11,0.0,44.364,41.74259524287944
2024-02-12,0.0,44.364,40.12117786430697
2024-02-13,0.0,44.364,44.593639937668755
2024-02-14,0.0,44.364,47.77893247788568
2024-02-15,0.0,44.364,45.14805444504136
2024-02-16,0.0,44.364,45.75004123219821
2024-02-17,0.0,44.364,51.96122889675619
2024-02-18,0.0,44.364,44.5626016617065
2024-02-19,0.0,44.364,46.76838890912575
2024-02-20,0.0,44.364,50.35739467717442
2024-02-21,0.0,44.364,45.205267198470246
2024-02-22,0.0,44.364,48.20707631067281
2024-02-23,0.0,44.364,51.40497107245217
2024-02-24,0.0,44.364,52.56495988438429
2024-02-25,0.0,44.364,41.88503037238075
2024-02-26,0.0,44.364,52.259740020799356
2024-02-27,0.0,44.364,46.47727416785419
2024-02-28,0.0,44.364,43.36462621274849
2024-02-29,0.0,44.364,46.03832960692627
2024-03-01,0.0,44.364,52.97104955098947
2024-03-02,0.0,44.364,46.4839527365699
2024-03-03,0.0,44.364,44.3030209316385
2024-03-04,0.0,44.364,48.35765865027216
2024-03-05,0.0,44.364,43.123746069442724
2024-03-06,0.0,44.364,40.93728020646383
2024-03-07,0.0,44.364,41.64288599485321
2024-03-08,0.0,44.364,41.631787679856785
2024-03-09,0.0,44.364,41.949303328493826
2024-03-10,0.0,44.364,41.77527860622553
2024-03-11,0.0,44.364,48.45713015353494
2024-03-12,0.0,44.364,42.348278419285094
2024-03-13,0.0,44.364,44.52815500721396
2024-03-14,0.0,44.364,51.86313630512108
2024-03-15,0.0,44.364,46.235650262586624
2024-03-16,0.0,44.364,48.81225945352405
2024-03-17,0.0,44.364,42.22103962979673
2024-03-18,0.0,44.364,42.48681300912836
2024-03-19,0.0,44.364,40.47152858761382
2024-03-20,0.0,44.364,42.17599054144005
2024-03-21,0.0,44.364,43.63541454024414
2024-03-22,0.0,44.364,42.28346793733608
2024-03-23,0.0,44.364,41.108159762279406
2024-03-24,0.0,44.364,41.53316693565212
2024-03-25,0.0,44.364,46.06019677950115
2024-03-26,0.0,44.364,42.67373672500637
2024-03-27,0.0,44.364,44.775740434661046
2024-03-28,0.0,44.364,46.627681141261455
2024-03-29,0.0,44.364,49.11620285319394
2024-03-30,0.0,44.364,40.45081313157315
2024-03-31,0.0,44.364,50.567112881160234
2024-04-01,0.0,44.364,48.284451863812386
2024-04-02,0.0,44.364,41.01574730801392
2024-04-03,0.0,44.364,51.554232623961916
2024-04-04,0.0,44.364,52.183674953158
2024-04-05,0.0,44.364,40.74049878330035
2024-04-06,0.0,44.364,43.61261999472076
2024-04-07,0.0,44.364,50.65749407302181
2024-04-08,0.0,44.364,49.88633787125418
2024-04-09,0.0,44.364,42.383427150817894
2024-04-10,0.0,44.364,42.71387201415294
2024-04-11,0.0,44.364,44.858287310471056
2024-04-12,0.0,44.364,46.37621331450434
2024-04-13,0.0,44.364,48.156076405251014
2024-04-14,0.0,44.364,44.837545411762015
2024-04-15,0.0,44.364,46.083567043959285
2024-04-16,0.0,44.364,49.875840209809795
2024-04-17,0.0,44.364,40.415824083911545
2024-04-18,0.0,44.364,43.28733377966344
2024-04-19,0.0,44.364,49.42171230845469
2024-04-20,0.0,44.364,51.84208684414647
2024-04-21,0.0,44.364,46.73761741260582
2024-04-22,0.0,44.364,47.009604798093136
2024-04-23,0.0,44.364,41.35397373332334
2024-04-24,0.0,44.364,45.88230067252672
2024-04-25,0.0,44.364,47.01630972270319
2024-04-26,0.0,44.364,43.15468842697534
2024-04-27,0.0,44.364,43.5110120093515
2024-04-28,0.0,44.364,44.94895038359204
2024-04-29,0.0,44.364,40.194731585463316
2024-04-30,0.0,44.364,44.214216030579635
2024-05-01,0.0,44.364,42.74180381471841
2024-05-02,0.0,44.364,44.2863277596063
2024-05-03,0.0,44.364,41.521538164808774
2024-05-04,0.0,44.364,51.77980568482341
2024-05-05,0.0,44.364,47.82784068284154
2024-05-06,0.0,44.364,48.965908585957834
2024-05-07,0.0,44.364,50.430837848872784
2024-05-08,0.0,44.364,46.56146691398661
2024-05-09,0.0,44.364,41.084439498213136
2024-05-10,0.0,44.364,47.076058386371415
2024-05-11,0.0,44.364,47.737985807963476
2024-05-12,0.0,44.364,49.84880304981407
2024-05-13,0.0,44.364,45.672643232680045
2024-05-14,0.0,44.364,41.62559176596671
2024-05-15,0.0,44.364,43.70443028545638
2024-05-16,0.0,44.364,44.75993489922872
2024-05-17,0.0,44.364,48.524241748330546
2024-05-18,0.0,44.364,47.52420261249948
2024-05-19,0.0,44.364,44.66696254431962
2024-05-20,0.0,44.364,53.05732874923552
2024-05-21,0.0,44.364,47.989978225784675
2024-05-22,0.0,44.364,43.0848988165727
2024-05-23,0.0,44.364,41.282243284599474
2024-05-24,0.0,44.364,41.96203285523211
2024-05-25,0.0,44.364,43.20110059861509
2024-05-26,0.0,44.364,42.066140532986076
2024-05-27,0.0,44.364,42.41065783650364
2024-05-28,0.0,44.364,43.721988619180145
2024-05-29,0.0,44.364,42.23506385449695
2024-05-30,0.0,44.364,51.86283038943801
2024-05-31,0.0,44.364,40.99544696775993
2024-06-01,0.0,44.364,46.90842698606843
2024-06-02,0.0,44.364,45.3896534497708
2024-06-03,0.0,44.364,53.00227348816002
2024-06-04,0.0,44.364,41.41874815673504
2024-06-05,0.0,44.364,45.222739738819584
2024-06-06,0.0,44.364,52.83047589054854
2024-06-07,0.0,44.364,51.44680743994816
2024-06-08,0.0,44.364,50.80217560667815
2024-06-09,0.0,44.364,43.36008030570651
2024-06-10,0.0,44.364,42.201977078091865
2024-06-11,0.0,44.364,48.82670634261823
2024-06-12,0.0,44.364,52.296850914496865
2024-06-13,0.0,44.364,47.337668695700984
2024-06-14,0.0,44.364,47.53530760669279
2024-06-15,0.0,44.364,43.65389775334345
2024-06-16,0.0,44.364,50.16893534643812
2024-06-17,0.0,44.364,42.41700265830179
2024-06-18,0.0,44.364,44.23551169315136
2024-06-19,0.0,44.364,45.589818648833614
2024-06-20,0.0,44.364,46.68348805198715
2024-06-21,0.0,44.364,43.153879610658784
2024-06-22,0.0,44.364,41.45598626781901
2024-06-23,0.0,44.364,48.05446426886417
2024-06-24,0.0,44.364,43.76904175918521
2024-06-25,0.0,44.364,47.66341573655782
2024-06-26,0.0,44.364,41.98204425012741
2024-06-27,0.0,44.364,46.33118984360613
2024-06-28,0.0,44.364,47.01593927571556
2024-06-29,0.0,44.364,40.61732981627704
2024-06-30,0.0,44.364,44.407533659338526
2024-07-01,0.0,44.364,41.7165518183162
2024-07-02,0.0,44.364,40.77107015701616
2024-07-03,0.0,44.364,53.10317872492425
2024-07-04,0.0,44.364,44.217871793537576
2024-07-05,0.0,44.364,50.7063809747685
2024-07-06,0.0,44.364,43.316663402381884
2024-07-07,0.0,44.364,48.997856030622714
2024-07-08,0.0,44.364,50.04562463284381
2024-07-09,0.0,44.364,47.855075126497916
2024-07-10,0.0,44.364,46.203901808651764
2024-07-11,0.0,44.364,45.40887309456882
2024-07-12,0.0,44.364,44.57075753307403
2024-07-13,0.0,44.364,52.298889286623165
2024-07-14,0.0,44.364,50.98247982212844
2024-07-15,0.0,44.364,52.77133615944274
2024-07-16,0.0,44.364,41.581896606813814
2024-07-17,0.0,44.364,49.65486140098033
2024-07-18,0.0,44.364,52.41616080792255
2024-07-19,0.0,44.364,42.339667124212006
2024-07-20,0.0,44.364,40.81261212163791
2024-07-21,0.0,44.364,49.79132294553125
2024-07-22,0.0,44.364,47.57337755793407
2024-07-23,0.0,44.364,51.13166755563118
2024-07-24,0.0,44.364,41.78785851499461
2024-07-25,0.0,44.364,50.51197170700565
2024-07-26,0.0,44.364,42.61109832797944
2024-07-27,0.0,44.364,42.10572967478823
2024-07-28,0.0,44.364,42.11384635782317
2024-07-29,0.0,44.364,50.76893786650351
2024-07-30,0.0,44.364,48.78084284968986
2024-07-31,0.0,44.364,46.889182351337155
2024-08-01,0.0,44.364,44.70334667929652
2024-08-02,0.0,44.364,51.60243743778982
2024-08-03,0.0,44.364,45.150730423709334
2024-08-04,0.0,44.364,50.79588525981511
2024-08-05,0.0,44.364,45.772134325142744
2024-08-06,0.0,44.364,44.94442880010198
2024-08-07,0.0,44.364,46.08549780343392
2024-08-08,0.0,44.364,43.938698402825395
2024-08-09,0.0,44.364,49.87768276264176
2024-08-10,0.0,44.364,46.618406215818815
2024-08-11,0.0,44.364,43.01816520224802
2024-08-12,0.0,44.364,51.900217910625884
2024-08-13,0.0,44.364,45.03688504350034
2024-08-14,0.0,44.364,47.161853739138294
2024-08-15,0.0,44.364,51.992018619249336
2024-08-16,0.0,44.364,48.2357083352185
2024-08-17,0.0,44.364,41.48341940339576
2024-08-18,0.0,44.364,52.43601369959646
2024-08-19,0.0,44.364,48.281892019938105
2024-08-20,0.0,44.364,44.38492580659408
2024-08-21,0.0,44.364,41.78119986949155
2024-08-22,0.0,44.364,50.49544004903622
2024-08-23,0.0,44.364,48.180272323203766
2024-08-24,0.0,44.364,47.027540365331255
2024-08-25,0.0,44.364,51.8245951663418
2024-08-26,0.0,44.364,50.42319800362952
2024-08-27,0.0,44.364,41.94627130933913
2024-08-28,0.0,44.364,44.07637134470451
2024-08-29,0.0,44.364,43.234791659618686
2024-08-30,0.0,44.364,49.82892999710827
2024-08-31,0.0,44.364,40.373889880385434
2024-09-01,0.0,44.364,47.512375793889326
2024-09-02,0.0,44.364,50.075315140259995
2024-09-03,0.0,44.364,51.59664921278948
2024-09-04,0.0,44.364,44.48043441000976
2024-09-05,0.0,44.364,50.85787771934075
2024-09-06,0.0,44.364,41.40001991348424
2024-09-07,0.0,44.364,51.193202841153045
2024-09-08,0.0,44.364,41.62437210470882
2024-09-09,0.0,44.364,45.21517600752604
2024-09-10,0.0,44.364,50.53896348223323
2024-09-11,0.0,44.364,41.9228810240703
2024-09-12,0.0,44.364,42.97875266943027
2024-09-13,0.0,44.364,49.54020388325699
2024-09-14,0.0,44.364,49.510710272199006
2024-09-15,0.0,44.364,48.46076207559699
2024-09-16,0.0,44.364,49.16349863710152
2024-09-17,0.0,44.364,47.15082816140182
2024-09-18,0.0,44.364,43.278844034804415
2024-09-19,0.0,44.364,44.52853711674236
2024-09-20,0.0,44.364,42.344520332453534
2024-09-21,0.0,44.364,52.01835021090152
2024-09-22,0.0,44.364,47.69207807490125
2024-09-23,0.0,44.364,45.262611675990634
2024-09-24,0.0,44.364,46.07652764186049
2024-09-25,0.0,44.364,52.53518342356156
2024-09-26,0.0,44.364,41.968584494352534
2024-09-27,0.0,44.364,47.72985008027795
2024-09-28,0.0,44.364,46.66057360500913
2024-09-29,0.0,44.364,48.06556671024681
2024-09-30,0.0,44.364,40.16863205850833
2024-10-01,0.0,44.364,51.53487152891949
2024-10-02,0.0,44.364,52.333348645230885
2024-10-03,0.0,44.364,47.449070567025494
2024-10-04,0.0,44.364,49.199465145142334
2024-10-05,0.0,44.364,52.20532876396486
2024-10-06,0.0,44.364,49.34038043180388
2024-10-07,0.0,44.364,41.95777262995448
2024-10-08,0.0,44.364,47.59753704313214
2024-10-09,0.0,44.364,48.0024918953187
2024-10-10,0.0,44.364,45.572439930497715
2024-10-11,0.0,44.364,49.72908362077656
2024-10-12,0.0,44.364,52.36327747296377
2024-10-13,0.0,44.364,52.24617645197886
2024-10-14,0.0,44.364,45.92791136189187
2024-10-15,0.0,44.364,41.43470779970378
2024-10-16,0.0,44.364,53.035048485229495
2024-10-17,0.0,44.364,51.092662412126224
2024-10-18,0.0,44.364,41.58676055667052
2024-10-19,0.0,44.364,52.18326878413113
2024-10-20,0.0,44.364,51.50522466195728
2024-10-21,0.0,44.364,46.83291946990232
2024-10-22,0.0,44.364,47.79700302941641
2024-10-23,0.0,44.364,45.238006786348336
2024-10-24,0.0,44.364,40.65643360341018
2024-10-25,0.0,44.364,44.388807128513626
2024-10-26,0.0,44.364,50.61293711808065
2024-10-27,0.0,44.364,39.98924852057286
2024-10-28,0.0,44.364,44.36620717587177
2024-10-29,182.0,127.14,129.61295031094576
2024-10-30,0.0,127.14,134.92334308725825
2024-10-31,0.0,127.14,149.5111329212155
2024-11-01,0.0,127.14,127.63632891710648
2024-11-02,0.0,127.14,127.65948902672592
2024-11-03,0.0,127.14,142.555772605402
2024-11-04,0.0,127.14,131.67449670141903
2024-11-05,0.0,127.14,122.9928771565768
2024-11-06,0.0,127.14,131.6829480243332
2024-11-07,0.0,127.14,119.79856847132633
2024-11-08,0.0,127.14,121.15375243932037
2024-11-09,0.0,127.14,133.43474358782925
2024-11-10,0.0,127.14,130.40465449500246
2024-11-11,0.0,127.14,149.32005235853944
2024-11-12,0.0,127.14,128.24842810010662
2024-11-13,0.0,127.14,136.57080085630514
2024-11-14,0.0,127.14,138.54182446982674
2024-11-15,0.0,127.14,114.92544876319222
2024-11-16,0.0,127.14,139.73464244346138
2024-11-17,0.0,127.14,121.21664784834606
2024-11-18,0.0,127.14,151.08314404891996
2024-11-19,0.0,127.14,120.09629376195925
2024-11-20,0.0,127.14,130.24059332719614
2024-11-21,0.0,127.14,117.68140703985564
2024-11-22,459.0,112.056,134.36212234945484
2024-11-23,0.0,112.056,117.73258922330331
2024-11-24,0.0,112.056,120.86533905024444
2024-11-25,0.0,112.056,103.10529652507128
2024-11-26,0.0,112.056,126.06167114131507
2024-11-27,0.0,112.056,107.90675434197568
2024-11-28,0.0,112.056,131.04011143727058
2024-11-29,0.0,112.056,107.74653826615554
2024-11-30,0.0,112.056,107.26071096800635
2024-12-01,0.0,112.056,102.07908287411583
2024-12-02,0.0,112.056,116.71978008037382
2024-12-03,0.0,112.056,119.83855140866272
2024-12-04,0.0,112.056,103.05931418993504
2024-12-05,0.0,112.056,126.92115678491282
2024-12-06,0.0,112.056,116.08852009995748
2024-12-07,0.0,112.056,118.47872280593138
2024-12-08,0.0,112.056,115.66743311127301
2024-12-09,0.0,112.056,114.32277166483367
2024-12-10,221.0,119.95714285714287,128.1012851228362
2024-12-11,0.0,119.95714285714287,113.54808147891514
2024-12-12,0.0,119.95714285714287,114.50850219329483
2024-12-13,0.0,119.95714285714287,138.9746308270736
2024-12-14,0.0,119.95714285714287,142.00942086658335
2024-12-15,0.0,119.95714285714287,121.39576426629037
2024-12-16,0.0,119.95714285714287,117.7047558016561
2024-12-17,0.0,119.95714285714287,131.1371321339058
2024-12-18,0.0,119.95714285714287,122.67060357733165
2024-12-19,69.0,120.855,109.6899204039993
2024-12-20,0.0,120.855,114.43104664640728
2024-12-21,0.0,120.855,134.72814711520567
2024-12-22,0.0,120.855,132.6597758998654
2024-12-23,0.0,120.855,109.75190585220255
2024-12-24,0.0,120.855,116.817433689122
2024-12-25,0.0,120.855,117.14746336249542
2024-12-26,0.0,120.855,133.12997925828728
2024-12-27,0.0,120.855,109.48413511209111
2024-12-28,0.0,120.855,112.5441128027237
2024-12-29,0.0,120.855,137.77165754933304
2024-12-30,39.0,102.0,97.26346665886261
2024-12-31,0.0,102.0,111.77403090026738
2025-01-01,0.0,102.0,99.08839310002983
2025-01-02,8.0,102.0,94.84290661843596
2025-01-03,0.0,102.0,99.2410690445833
2025-01-04,0.0,102.0,113.90136811478317
2025-01-05,0.0,102.0,117.98431192405235
2025-01-06,0.0,102.0,117.20472785574994
2025-01-07,26.0,114.57,116.7645950965159
2025-01-08,0.0,114.57,126.07575422906967
2025-01-09,0.0,114.57,110.15851521773718
2025-01-10,0.0,114.57,113.18878063680127
2025-01-11,0.0,114.57,133.92095841838938
2025-01-12,0.0,114.57,103.5598891129875
2025-01-13,0.0,114.57,106.05201371399892
2025-01-14,0.0,114.57,110.2582584756241
2025-01-15,0.0,114.57,104.02493837934705
2025-01-16,0.0,114.57,109.34911733947142
2025-01-17,0.0,114.57,123.15272149208928
2025-01-18,0.0,114.57,117.59778322841474
2025-01-19,0.0,114.57,133.79501938142667
2025-01-20,0.0,114.57,131.20935266051194
2025-01-21,27.0,114.57,114.8616041952077
2025-01-22,20.0,102.0,99.73835706299755
2025-01-23,0.0,102.0,103.41858768991837
2025-01-24,0.0,102.0,109.8630252409531
2025-01-25,0.0,102.0,100.00274740918002
2025-01-26,0.0,102.0,110.8989565801835
2025-01-27,0.0,102.0,104.32799655705195
2025-01-28,0.0,102.0,108.6926437340706
2025-01-29,0.0,102.0,105.14547179154069
2025-01-30,0.0,102.0,100.81065224198268
2025-01-31,0.0,102.0,120.82267119304198
2025-02-01,0.0,102.0,115.16633730128866
2025-02-02,0.0,102.0,96.08746317845345
2025-02-03,0.0,102.0,118.37512006247613
2025-02-04,34.0,100.77,105.42853255428105
2025-02-05,0.0,100.77,117.73620837123528
2025-02-06,0.0,100.77,114.87342424254328
2025-02-07,0.0,100.77,103.54762945360939
2025-02-08,0.0,100.77,91.37226965982546
2025-02-09,0.0,100.77,98.8153852515663
2025-02-10,0.0,100.77,107.06714394341267
2025-02-11,0.0,100.77,109.84368006356425
2025-02-12,0.0,100.77,98.48920261833113
2025-02-13,0.0,100.77,94.90587347529554
2025-02-14,0.0,100.77,115.9337759886796
2025-02-15,0.0,100.77,120.45246232484907
2025-02-16,0.0,100.77,106.5851399011925
2025-02-17,0.0,100.77,95.88303649048005
2025-02-18,92.0,109.7057142857143,107.69724378545504
2025-02-19,0.0,109.7057142857143,99.34041154919407
2025-02-20,0.0,109.7057142857143,128.82628395043156
2025-02-21,0.0,109.7057142857143,102.61053285405664
2025-02-22,0.0,109.7057142857143,117.70928838027498
2025-02-23,0.0,109.7057142857143,107.75476997890857
2025-02-24,10200.0,167.478,178.57398705160202
2025-02-25,2.0,71.94,78.80495482140992
2025-02-26,0.0,71.94,82.65348760760882
2025-02-27,0.0,71.94,69.20098388713734
2025-02-28,0.0,71.94,64.98331197410732
2025-03-01,0.0,71.94,67.700265668145
2025-03-02,0.0,71.94,84.1702023283658
2025-03-03,0.0,71.94,83.6062956539542
2025-03-04,185.0,109.16086956521738,117.80902272546511
2025-03-05,8.0,71.94,77.70635488187911
2025-03-06,0.0,71.94,79.09882151005728
2025-03-07,0.0,71.94,68.53086293525129
2025-03-08,0.0,71.94,84.48083861695248
2025-03-09,0.0,71.94,73.78390546822072
2025-03-10,6900.0,7.7,7.81505000025634
2025-03-11,0.0,7.7,8.128699899203355
2025-03-12,0.0,7.7,7.038491383250378
2025-03-13,0.0,7.7,7.314114581826543
2025-03-14,0.0,7.7,8.634857653944916
2025-03-15,0.0,7.7,7.121264922907042
2025-03-16,0.0,7.7,8.323281372867358
2025-03-17,0.0,7.7,7.496756443363852
2025-03-18,120.0,107.18879999999999,108.98835891432678
2025-03-19,0.0,107.18879999999999,105.75334056359014
2025-03-20,0.0,107.18879999999999,107.90715950118545
2025-03-21,0.0,107.18879999999999,119.5920203164839
2025-03-22,0.0,107.18879999999999,106.02435604547681
2025-03-23,0.0,107.18879999999999,114.6835901123568
2025-03-24,0.0,107.18879999999999,111.77810140537163
2025-03-25,0.0,107.18879999999999,117.81135474294713
2025-03-26,0.0,107.18879999999999,126.59521666876007
2025-03-27,0.0,107.18879999999999,120.026977204035
2025-03-28,0.0,107.18879999999999,103.38168037580665
2025-03-29,0.0,107.18879999999999,97.4726648482371
2025-03-30,0.0,107.18879999999999,104.90345045749352
2025-03-31,0.0,107.18879999999999,115.60562678947302
2025-04-01,2.0,127.14,116.38748337791628
2025-04-02,2.0,71.94,75.45857634709708
2025-04-03,0.0,71.94,77.6270623653243
2025-04-04,0.0,71.94,71.95965165161164
2025-04-05,0.0,71.94,81.38382718124232
2025-04-06,0.0,71.94,67.04660349913306
2025-04-07,0.0,71.94,66.36762360542222
2025-04-08,0.0,71.94,80.46176973638616
2025-04-09,0.0,71.94,75.43969358636217
2025-04-10,25020.0,51.815,57.33437105127094
2025-04-11,0.0,51.815,53.39267356492593
2025-04-12,0.0,51.815,50.46369640568529
2025-04-13,0.0,51.815,59.3660359770866
2025-04-14,710.0,99.11648648648648,112.9754257873113
2025-04-15,0.0,99.11648648648648,109.86159984753363
2025-04-16,0.0,99.11648648648648,97.29705878282282
2025-04-17,0.0,99.11648648648648,106.75531481282975
2025-04-18,0.0,99.11648648648648,99.938377151247
2025-04-19,0.0,99.11648648648648,91.92802583782296
2025-04-20,0.0,99.11648648648648,116.48110741969002
2025-04-21,0.0,99.11648648648648,93.27313243261148
2025-04-22,0.0,99.11648648648648,117.4600941895181
2025-04-23,0.0,99.11648648648648,102.46679538832248
2025-04-24,0.0,99.11648648648648,94.70975546966883
2025-04-25,0.0,99.11648648648648,105.31823321619021
2025-04-26,0.0,99.11648648648648,115.16183508136143
2025-04-27,0.0,99.11648648648648,110.97750525550254
2025-04-28,0.0,99.11648648648648,113.18788997159815
2025-04-29,6.0,86.97,95.46131682084932
2025-04-30,0.0,86.97,96.33518784483527
2025-05-01,0.0,86.97,100.42936374499075
2025-05-02,0.0,86.97,84.78708801914502
2025-05-03,0.0,86.97,91.04258672641318
2025-05-04,0.0,86.97,84.04457554651523
2025-05-05,0.0,86.97,104.04224599664052
2025-05-06,115550.0,3.8033333333333332,4.500171706582425
2025-05-07,0.0,3.8033333333333332,3.467985991771465
2025-05-08,0.0,3.8033333333333332,4.2280612718404
2025-05-09,0.0,3.8033333333333332,4.4787083301712745
2025-05-10,0.0,3.8033333333333332,3.6290364687902876
2025-05-11,0.0,3.8033333333333332,4.07102550806055
2025-05-12,55023.0,36.89,43.33270898940686
2025-05-13,20.0,102.0,92.83874694472544
2025-05-14,0.0,102.0,113.14106017775329
2025-05-15,0.0,102.0,100.89887962560006
2025-05-16,41680.0,10.258571428571429,12.077609605285227
2025-05-17,0.0,10.258571428571429,12.221215396513932
2025-05-18,0.0,10.258571428571429,12.138761853567242
2025-05-19,0.0,10.258571428571429,10.692142409921678
2025-05-20,0.0,10.258571428571429,11.885712118608968
2025-05-21,1.0,102.0,117.64321159517314
2025-05-22,0.0,102.0,101.56447448124362
2025-05-23,0.0,102.0,117.16481350901073
2025-05-24,0.0,102.0,92.93243362229408
2025-05-25,0.0,102.0,110.04585828155082
2025-05-26,0.0,102.0,98.83827042100371
2025-05-27,2.0,63.42,59.3719055687985
2025-05-28,0.0,63.42,58.54211161419734
2025-05-29,0.0,63.42,70.32559024985748
2025-05-30,0.0,63.42,63.54446106065122
2025-05-31,0.0,63.42,70.8674125951062
2025-06-01,0.0,63.42,58.32146974004068
2025-06-02,0.0,63.42,63.0767139675652
2025-06-03,1.0,66.77,70.89955007757037
2025-06-04,0.0,66.77,75.93197571488928
2025-06-05,0.0,66.77,66.47793138623229
2025-06-06,0.0,66.77,72.63023016140973
2025-06-07,0.0,66.77,77.84002027491906
2025-06-08,0.0,66.77,72.42935552247974
2025-06-09,2.0,63.42,61.51028696666264
2025-06-10,0.0,63.42,57.5422492698947
2025-06-11,0.0,63.42,73.63250117483909
2025-06-12,0.0,63.42,57.48267181083947
2025-06-13,0.0,63.42,73.72007402448958
2025-06-14,0.0,63.42,67.14155791200173
2025-06-15,0.0,63.42,74.94470203190636
2025-06-16,0.0,63.42,72.27564984382975
2025-06-17,1.0,71.94,86.28341397353049
2025-06-18,0.0,71.94,72.3150624010788
2025-06-19,0.0,71.94,81.30345765171158
2025-06-20,0.0,71.94,73.42047297751466
2025-06-21,0.0,71.94,75.10267563739896
2025-06-22,0.0,71.94,78.28882290717885
2025-06-23,1.0,63.42,73.70058077450928
2025-06-24,96.0,74.86666666666666,89.48251471821615
2025-06-25,0.0,74.86666666666666,84.63542087539706
2025-06-26,0.0,74.86666666666666,76.76304192747831
2025-06-27,0.0,74.86666666666666,76.84367827114299
2025-06-28,0.0,74.86666666666666,83.9460984936865
2025-06-29,0.0,74.86666666666666,72.74293469395606
2025-06-30,0.0,74.86666666666666,69.86124858093112
2025-07-01,43.0,116.0,116.74085108589902
2025-07-02,0.0,116.0,114.39591690956203
2025-07-03,0.0,116.0,114.71152259186846
2025-07-04,0.0,116.0,112.52954973653686
2025-07-05,0.0,116.0,105.8648429993454
2025-07-06,0.0,116.0,105.0220129287228
2025-07-07,4.0,63.42,75.87040618711772
2025-07-08,19.0,123.0,126.48482863485332
2025-07-09,0.0,123.0,124.88165328019227
2025-07-10,0.0,123.0,135.77898473137427
2025-07-11,0.0,123.0,118.75356846222087
2025-07-12,0.0,123.0,145.7535676877633
2025-07-13,0.0,123.0,139.71613103193386
2025-07-14,0.0,123.0,113.99926598532238
2025-07-15,82.0,81.86666666666666,83.93578385327783
2025-07-16,0.0,81.86666666666666,95.27114563372675
2025-07-17,0.0,81.86666666666666,96.88261846747702
2025-07-18,0.0,81.86666666666666,85.15938111629679
2025-07-19,0.0,81.86666666666666,88.74538371901498
2025-07-20,0.0,81.86666666666666,77.78235371602136
2025-07-21,9.0,63.42,75.9359742808821
2025-07-22,182.0,20.6,19.971731114549684
2025-07-23,0.0,20.6,24.36608236415508
2025-07-24,90000.0,0.5322,0.5827025839781216
2025-07-25,0.0,0.5322,0.5760112566703586
2025-07-26,0.0,0.5322,0.5608358476688957
2025-07-27,0.0,0.5322,0.5158087421388573
2025-07-28,0.0,0.5322,0.5071644655899994
2025-07-29,80.0,20.6,19.902604772053685
2025-07-30,0.0,20.6,19.692188460051494
2025-07-31,0.0,20.6,23.35783204664254
2025-08-01,0.0,20.6,20.703774101650396
2025-08-02,0.0,20.6,18.89746774116179
2025-08-03,0.0,20.6,24.529054254270214
2025-08-04,0.0,20.6,24.001796769073973
2025-08-05,0.0,20.6,24.273509110146414
2025-08-06,0.0,20.6,24.688530343954973
2025-08-07,0.0,20.6,19.614672640176433
2025-08-08,0.0,20.6,20.98877567681843
2025-08-09,0.0,20.6,23.225913779851286
2025-08-10,0.0,20.6,22.841407419572437
2025-08-11,0.0,20.6,19.491076701180305
2025-08-12,0.0,20.6,23.581848712442017
2025-08-13,0.0,20.6,19.927042733950564
2025-08-14,143.0,76.14625,73.64448661580614
2025-08-15,0.0,76.14625,80.79820159477428
2025-08-16,0.0,76.14625,82.076670754032
2025-08-17,0.0,76.14625,81.78304182107098
2025-08-18,253.0,59.325,55.02073698858654
2025-08-19,20.0,102.0,118.65030239648964
2025-08-20,0.0,102.0,99.92736130321441
2025-08-21,0.0,102.0,95.7631565912538
2025-08-22,0.0,102.0,118.99569124399069
2025-08-23,0.0,102.0,121.04293584583044
2025-08-24,0.0,102.0,118.18110508832278
2025-08-25,1440000.0,0.13228,0.15117683590938205
2025-08-26,0.0,0.13228,0.14505462275967895
2025-08-27,0.0,0.13228,0.1409122238952531
2025-08-28,0.0,0.13228,0.12250398258032441
2025-08-29,0.0,0.13228,0.1352610573074976
2025-08-30,0.0,0.13228,0.13384177110911666
2025-08-31,0.0,0.13228,0.1293600691547448
2025-09-01,0.0,0.13228,0.1477602037916178
2025-09-02,964.0,60.57714285714286,63.5310491444058
2025-09-03,10000.0,0.99,0.9150707261245714
2025-09-04,0.0,0.99,0.9563944109790941
2025-09-05,0.0,0.99,1.0939278528069
2025-09-06,0.0,0.99,0.9136108652686192
2025-09-07,0.0,0.99,1.1438084534724844
2025-09-08,0.0,0.99,1.0380585185231503
2025-09-09,60048.0,10.56555,11.032293453622069
2025-09-10,16.0,20.61,22.211857332549798
2025-09-11,0.0,20.61,23.648002412315197
2025-09-12,322500.0,0.39555,0.3972677796557138
2025-09-13,0.0,0.39555,0.4364517867434213
2025-09-14,0.0,0.39555,0.4231275835075605
2025-09-15,60419.0,60.636109999999995,59.42996566893082
2025-09-16,0.0,60.636109999999995,70.55551035057894
2025-09-17,1826.0,68.422,77.94824497511676
2025-09-18,0.0,68.422,75.09557742929964
2025-09-19,0.0,68.422,79.03935092042586
2025-09-20,0.0,68.422,79.38240114542148
2025-09-21,0.0,68.422,76.12008347783883
2025-09-22,15000.0,2.0,2.3022079970182032
2025-09-23,165.0,86.9025,96.39585410931448
2025-09-24,0.0,86.9025,95.94403002536987
2025-09-25,2285.0,151.32,164.27048212545648
2025-09-26,0.0,151.32,170.35832456935867
2025-09-27,0.0,151.32,143.38803735988438
2025-09-28,0.0,151.32,176.17600898459455
2025-09-29,527.0,65.288,75.8354760718292
2025-09-30,463.0,68.90466666666666,62.61878228652058
2025-10-01,0.0,68.90466666666666,79.08498837762443
2025-10-02,0.0,68.90466666666666,64.67812057849056
2025-10-03,0.0,68.90466666666666,68.94157588393242
2025-10-04,0.0,68.90466666666666,77.38355656910633
2025-10-05,0.0,68.90466666666666,65.33733211517298
2025-10-06,0.0,68.90466666666666,78.92272354237477
2025-10-07,2.0,94.6,108.7559679704407
2025-10-08,2000.0,2.45,2.577988784314215
2025-10-09,0.0,2.45,2.2096936157118727
2025-10-10,0.0,2.45,2.415973027883561
2025-10-11,0.0,2.45,2.658441285006171
2025-10-12,0.0,2.45,2.9261718408501562
2025-10-13,6818.0,57.98142857142857,63.173320980439506
2025-10-14,38006.0,462.2392,452.0426998404697
2025-10-15,0.0,462.2392,503.93396669886056
2025-10-16,5000.0,0.98,1.0407557016364615
2025-10-17,0.0,0.98,1.111274546174436
2025-10-18,0.0,0.98,0.9134523078151258
2025-10-19,0.0,0.98,1.1057422033355961
2025-10-20,15606.0,565.0,600.2446850856006
2025-10-21,24.0,160.07999999999998,190.31872799332433
2025-10-22,0.0,160.07999999999998,160.49006890184185
2025-10-23,0.0,160.07999999999998,174.45303379586468
2025-10-24,0.0,160.07999999999998,188.83171773901307
2025-10-25,0.0,160.07999999999998,148.99492717702435
2025-10-26,0.0,160.07999999999998,189.0814608710433
2025-10-27,44.0,377.68,417.85220387957133
2025-10-28,12.0,104.30333333333333,95.99568941645992
2025-10-29,85110.0,95.96488888888888,95.03298057849646
2025-10-30,0.0,95.96488888888888,106.75629674031703
2025-10-31,0.0,95.96488888888888,88.30738789596515
2025-11-01,0.0,95.96488888888888,103.12877705756281
2025-11-02,0.0,95.96488888888888,96.32618873871192
2025-11-03,0.0,95.96488888888888,104.24422660158285
2025-11-04,0.0,95.96488888888888,87.68528875771088
2025-11-05,16.0,152.65,177.29702803774805
2025-11-06,240000.0,0.5211,0.6211755305515024
2025-11-07,50000.0,4.27,5.08413253262097
2025-11-08,0.0,4.27,4.803303996462686
2025-11-09,0.0,4.27,4.009640473607339
2025-11-10,2.0,94.6,106.65950950046565
2025-11-11,22.0,157.75,143.1385758214128
2025-11-12,31.0,132.72833333333332,120.33642663655736
2025-11-13,37475.0,1.7789,1.7737110656535355
2025-11-14,0.0,1.7789,1.8617842114232577
2025-11-15,0.0,1.7789,2.0121533266614846
2025-11-16,0.0,1.7789,1.9656642436335934
2025-11-17,0.0,1.7789,1.8389748973120792
2025-11-18,8565.0,401.9771428571429,394.7769282278573
2025-11-19,35.0,116.0,139.09993260548833
2025-11-20,1200.0,87.07,89.49528179570584
2025-11-21,900013.0,123.28866666666666,127.65507131407195
2025-11-22,0.0,123.28866666666666,117.01168882488778
2025-11-23,0.0,123.28866666666666,140.3571028557941
2025-11-24,108000.0,0.27,0.2991882602883006
2025-11-25,155000.0,0.46499999999999997,0.44929736098403206
2025-11-26,216516.0,3.085,2.8527436577174625
2025-11-27,0.0,3.085,3.4063021040701464
2025-11-28,0.0,3.085,3.3822501288171907
2025-11-29,0.0,3.085,3.0294016922368425
2025-11-30,0.0,3.085,3.6565242268627545
2025-12-01,4000.0,1.675,1.5834065906199024
2025-12-02,0.0,1.675,1.7247482375239074
2025-12-03,1.0,196.5,232.47615849387995
2025-12-04,400.0,149.15,153.01569879585935
2025-12-05,40000.0,1.247,1.3611725570211346
2025-12-06,0.0,1.247,1.2710400642778816
2025-12-07,0.0,1.247,1.2248839071986375
2025-12-08,923.0,140.959,168.47325158363083
2025-12-09,202500.0,0.27,0.2761560545115185
2025-12-10,201.0,145.79181818181817,170.31834092542536
2025-12-11,20.0,1925.0,1865.2987849021024
2025-12-12,0.0,1925.0,1855.5679665744856
2025-12-13,0.0,1925.0,1750.4799328658053
2025-12-14,0.0,1925.0,2108.8375916545733
2025-12-15,0.0,1925.0,1945.323963500472
2025-12-16,0.0,1925.0,2231.66688928239
2025-12-17,414.0,113.17666666666666,117.92589596189845
2025-12-18,45.0,340.0,404.7557296473016
2025-12-19,0.0,340.0,324.92360260171836
2025-12-20,0.0,340.0,394.5995631314723
2025-12-21,0.0,340.0,385.21287898475765
2025-12-22,1080.0,170.4,192.76952469820395
2025-12-23,6.0,522.7,602.9004580010092
2025-12-24,0.0,522.7,589.7661720197717
2025-12-25,0.0,522.7,568.6276086350223
2025-12-26,0.0,522.7,491.01050926937523
2025-12-27,0.0,522.7,475.53043020602325
2025-12-28,0.0,522.7,614.8281510159778
2025-12-29,15849.0,269.72666666666663,292.65211015038903
2025-12-30,10075.0,97.03,110.51340400302551
2025-12-31,0.0,97.03,101.34363413017881
2026-01-01,0.0,97.03,90.74172407250634
2026-01-02,363.0,54.336,50.943028561535336
2026-01-03,0.0,54.336,60.077662634062015
2026-01-04,0.0,54.336,55.91673033157716
2026-01-05,130829.0,36.22857142857143,34.78513160105166
2026-01-06,12.0,113.58,118.97259258566771
2026-01-07,25000.0,1.63,1.4983981702297406
2026-01-08,502992.0,2.05,2.2029124121773553
2026-01-09,300000.0,0.291,0.28538312420718404
2026-01-10,0.0,0.291,0.3315269094856265
2026-01-11,0.0,0.291,0.28899459901402796
2026-01-12,0.0,0.291,0.30164071901484124
2026-01-13,442512.0,338.2738875,305.62577631286865
2026-01-14,0.0,338.2738875,311.7985658614625
2026-01-15,0.0,338.2738875,344.2775950933169
2026-01-16,0.0,338.2738875,353.1517313645944
2026-01-17,0.0,338.2738875,365.33788376765926
2026-01-18,0.0,338.2738875,334.0450490514812
2026-01-19,226.0,151.4686956521739,167.902226024999
2026-01-20,240452.0,396.59235,459.26850383667
2026-01-21,64000.0,1.32,1.4968209916017665
2026-01-22,35000.0,0.62,0.5653691015147945
2026-01-23,46196.0,1027.7700000000002,1073.148187554954
2026-01-24,0.0,1027.7700000000002,957.3462268418544
2026-01-25,0.0,1027.7700000000002,999.6229817859092
2026-01-26,0.0,1027.7700000000002,1229.2116640446527
2026-01-27,83.0,103.31333333333333,97.39850685668951
2026-01-28,10000.0,2.77,2.907576055518077
2026-01-29,410001.0,511.91642,555.6579991543808
2026-01-30,0.0,511.91642,568.6057838689029
2026-01-31,0.0,511.91642,546.6727831525003
2026-02-01,0.0,511.91642,462.22533516935846
2026-02-02,580.0,42.548421052631575,42.46070290753591
2026-02-03,2.0,825.0,870.633631737716
2026-02-04,332.0,116.324775,107.75861272291813
2026-02-05,372951.0,147.70555555555555,148.47186370009746
2026-02-06,61521.0,375.3671428571428,341.5694353957256
2026-02-07,0.0,375.3671428571428,346.679164361555
2026-02-08,0.0,375.3671428571428,382.5280154078155
2026-02-09,85000.0,3.07318,2.8882198203030156
2026-02-10,3.0,176.9,189.3293928172409
2026-02-11,3069785.77,149.6687659047619,165.65930063388748
2026-02-12,0.0,149.6687659047619,170.6487362909127
2026-02-13,1.0,1000.0,960.045073273443
2026-02-14,0.0,1000.0,950.2447746777209
2026-02-15,0.0,1000.0,931.37035210032
2026-02-16,131.0,47.093636363636364,51.37581715012063
2026-02-17,285.0,67.07333333333334,74.58170456836943
2026-02-18,10.0,4606.666666666667,4189.652052149037
2026-02-19,16000.0,0.41,0.4841541062879738
2026-02-20,943038.6000000001,0.05265414285714286,0.048209679589584685
2026-02-21,0.0,0.05265414285714286,0.05593917694152571
2026-02-22,0.0,0.05265414285714286,0.05858922073708712
2026-02-23,1080.0,170.4,197.8839416058999
2026-02-24,36135.0,95.83571428571429,106.78265221804453
